Feature,AQI_Importance,Fan_Importance
Gas_Index,0.2441233102547099,0.2441233102547099
Humidity,0.168527909919607,0.168527909919607
MQ3_Raw,0.1623352103822905,0.1623352103822905
MQ2_Raw,0.14813602628634534,0.14813602628634534
MQ2_MQ3_Ratio,0.11740530566793227,0.11740530566793227
Heat_Stress,0.08688609632466558,0.08688609632466558
Temperature,0.07258614116444921,0.07258614116444921
